Date,Low,High,Close,Open,Volume,predicted_low,predicted_high,predicted_mean,signal1,signal2
2021-11-11,63580.0,65559.5,65559.5,64393.5,681765600.0,62721.52500155827,66256.41317339153,64531.19157403677,0,0
2021-11-12,63404.0,66387.0,63603.5,65559.5,955110700.0,64345.28178823093,67280.93021930727,65842.76835984981,2,0
2021-11-13,58533.0,63603.5,60100.0,63603.5,2142131300.0,61925.710661178295,65282.6776951693,63642.88473881863,0,0
2021-11-14,58388.0,60890.0,60360.0,60100.0,1258905400.0,58466.65237809534,62332.125378591205,60451.94891185827,0,0
2021-11-15,56460.0,60988.0,56903.5,60360.0,1765707300.0,58715.8442290801,62125.02124051386,60474.81884814214,0,0
2021-11-16,55655.0,58338.0,58076.5,56903.5,1000498100.0,55325.56221975822,59287.95349068965,57378.82560311111,0,0
2021-11-17,57415.5,59862.5,59739.5,58076.5,664355500.0,56701.62842071945,59918.22358129217,58377.798007734054,0,0
2021-11-18,58505.5,60050.0,58650.0,59739.5,654914600.0,58497.003250338836,61226.372714707,59919.38530901143,0,0
2021-11-19,55560.0,59576.5,56271.0,58650.0,1419633600.0,57229.57509675063,60870.12283948331,59119.74146192358,0,0
2021-11-20,55335.5,57885.5,57546.0,56271.0,1181629700.0,54840.896377303696,58135.97373197078,56566.4210061904,0,0
2021-11-21,55888.0,57755.5,57175.5,57546.0,863038900.0,56196.53241568481,59395.98807009443,57883.62932356284,0,0
2021-11-22,57055.0,59448.5,58976.0,57175.5,887460300.0,55979.22547599036,59066.451826570774,57619.41075464676,0,0
2021-11-23,53511.0,59186.5,53782.0,58976.0,1783383500.0,57720.063619142136,60928.785214705924,59421.553247477015,0,0
2021-11-24,53647.5,55284.0,54750.5,53782.0,569449500.0,52425.0796645066,55937.46918602628,54294.209308525664,0,1
2021-11-25,53315.5,57480.5,57343.0,54750.5,907317800.0,53128.57763707457,56233.87412839028,54797.322714833994,0,1
2021-11-26,56737.5,58919.0,57842.5,57343.0,873341400.0,55906.6812982053,59082.483789345046,57608.47225533244,0,0
2021-11-27,55925.0,59282.0,56968.5,57842.5,1345916000.0,55960.00241953062,59720.93784402058,57959.88932590574,0,0
2021-11-28,56497.0,59124.0,57202.0,56968.5,1114520300.0,55645.85002401078,58956.27893774799,57407.83859274501,0,0
2021-11-29,55811.0,57412.0,56508.0,57202.0,1000391600.0,55501.02734131835,58663.08949861057,57197.84958051004,1,0
2021-11-30,51554.5,57699.0,53633.0,56508.0,1889433700.0,55289.72696383133,58320.49969723183,56927.79772444136,2,0
2021-12-01,41498.5,53856.5,49205.0,53633.0,2805872600.0,52078.759453718725,55674.633329215634,54012.513806360475,0,0
2021-12-02,47800.5,49765.0,49434.0,49205.0,801774900.0,47083.364238849055,52098.65032606179,49752.04521330564,0,0
2021-12-03,47156.5,50935.0,50467.0,49434.0,1285109700.0,46939.94376267954,51449.542864403425,49346.639278949064,1,0
2021-12-04,50058.0,51973.5,50618.5,50467.0,785385400.0,49013.520987575226,52691.63364248887,50999.65227308225,2,0
2021-12-05,48639.0,51232.5,50493.5,50618.5,784151500.0,48349.08764530108,52267.27084314007,50451.68455332148,1,0
2021-12-06,47350.0,50839.5,47567.0,50493.5,920742500.0,49683.45922149262,52263.38360078872,51107.3627591159,2,0
2021-12-07,46909.0,50100.0,47161.0,47567.0,1019266500.0,46216.558310267865,49478.50538363164,48001.88924506001,0,0
2021-12-08,46767.5,49496.0,49391.0,47161.0,703781800.0,46301.255437567655,49043.517306514725,47833.751603544275,0,0
2021-12-09,48631.5,50785.0,50066.5,49391.0,577168000.0,48367.02050292984,50750.17780287062,49716.864368112045,0,0
2021-12-10,45707.0,50191.0,46689.5,50066.5,1179530000.0,48718.54156495033,51903.28417158082,50469.81657356679,0,0
2021-12-11,46280.5,48666.0,48356.5,46689.5,891591600.0,45624.74923750367,49198.02038886915,47579.35800256645,0,1
2021-12-12,46532.0,49514.5,48880.0,48356.5,1179756100.0,47296.370145729714,50353.20489000056,48989.69836892039,0,0
2021-12-13,47475.0,49437.0,47630.0,48880.0,693052200.0,47973.49063232883,50820.39807135936,49570.44782847799,0,0
2021-12-14,45422.5,47988.5,46152.0,47630.0,1051363900.0,46432.79962941781,49878.66985597356,48337.5471834722,0,0
2021-12-15,45485.5,47345.5,46829.0,46152.0,537933800.0,45736.146240230795,48330.545405381316,47210.66308347816,0,0
2021-12-16,46408.0,48270.5,46650.5,46829.0,759820400.0,46056.07026099921,48814.28476497678,47614.6215471434,0,0
2021-12-17,45561.0,47532.0,46892.0,46650.5,923172900.0,45749.8423360524,48852.773729325156,47484.32109399797,0,0
2021-12-18,46657.0,49299.0,48879.0,46892.0,841803900.0,46155.381459450015,49099.53292615172,47807.00256643153,0,0
2021-12-19,48451.0,49665.5,48574.5,48879.0,561561700.0,48047.24449717133,50931.564295835255,49665.78815842417,0,2
2021-12-20,48002.0,51368.5,50815.5,48574.5,848398800.0,47993.305359209655,51011.58600068164,49683.41122263192,0,0
2021-12-21,50404.5,51874.0,50800.0,50815.5,746250000.0,50027.09005001563,52851.2054704795,51620.91545894429,0,2
2021-12-22,50005.0,51177.0,50380.0,50800.0,506531400.0,50137.582952238765,52933.91862789608,51720.29634082501,0,2
2021-12-23,49408.5,51314.5,50775.0,50380.0,602764000.0,49655.34354577605,52621.50956360273,51326.79144698414,0,2
2021-12-24,50436.0,52147.0,50700.0,50775.0,725148600.0,49828.63292154073,53224.50861875898,51717.0477146671,0,2
2021-12-25,47242.0,50700.0,47536.0,50700.0,1063412600.0,49857.23133837624,53159.693724318924,51699.28442231697,0,2
2021-12-26,46000.0,48105.0,46415.5,47536.0,942432900.0,46478.29391688493,50255.46046317678,48569.23134171982,0,0
2021-12-27,45872.5,47882.5,47111.0,46415.5,740468800.0,45253.1040045181,48932.64764377996,47298.2853643047,0,1
2021-12-28,45500.0,48546.0,46200.0,47111.0,1045402500.0,46387.03810763308,49748.886488063385,48274.01345292013,0,0
2021-12-29,46192.5,47925.5,47728.5,46200.0,543638500.0,45371.11654443614,48814.40083603893,47302.69929769061,0,1
2021-12-30,46647.5,47992.0,47300.0,47728.5,539072000.0,46923.47750663128,50035.020045520956,48679.01660548888,0,0
2021-12-31,45668.5,47577.0,46425.0,47300.0,760545500.0,46444.52148836442,49927.26490224863,48387.94991217529,0,0
2022-01-01,45500.0,47535.5,45796.0,46425.0,799086600.0,45610.05006784063,49242.10164647985,47637.11072123646,0,0
2022-01-02,42428.0,47067.5,43395.0,45796.0,1753918300.0,44909.43130613721,48459.70627391066,46900.55770676254,0,0
2022-01-03,42333.0,43750.0,43072.0,43395.0,677677400.0,42152.42190797071,46098.71243206781,44359.620225156366,0,1
2022-01-04,40551.0,43131.5,41542.5,43072.0,1289970100.0,41959.21437397829,45610.82791847868,44023.098552197356,0,0
2022-01-05,40491.5,42289.0,41659.5,41542.5,704883100.0,40873.573897377675,44199.38380939844,42781.61284766161,0,0
2022-01-06,41189.0,42750.0,41852.5,41659.5,582614300.0,40720.69072862964,44507.47114987814,42862.352629551315,0,0
2022-01-07,39609.0,42227.5,41800.0,41852.5,1184377100.0,41050.93964857259,44438.49846009226,42988.3123275534,0,0
2022-01-08,41251.0,43090.5,42715.0,41800.0,761201700.0,40881.92909555082,44301.85913836187,42844.09928406925,0,0
2022-01-09,42448.5,44666.0,43898.5,42715.0,762495800.0,41758.78073260638,45349.15914918227,43802.92014212356,0,0
2022-01-10,42330.5,44403.0,42554.5,43898.5,921101900.0,43119.29980840834,46354.894337252554,44988.511081511315,0,0
2022-01-11,41751.5,43460.0,43058.5,42554.5,729986800.0,41369.91540555122,44866.559951368305,43378.54898747381,0,0
2022-01-12,42571.5,43800.0,43075.0,43058.5,500524900.0,42297.072041175656,45253.39734019311,44036.75481368426,0,2
2022-01-13,42603.5,43478.0,43065.0,43075.0,481471900.0,42227.10835590122,45380.93885038115,44067.68291772298,0,2
2022-01-14,41550.0,43172.0,42207.5,43065.0,615739200.0,42136.23619389934,45554.56026709115,44111.344641006144,0,2
2022-01-15,41250.0,42718.5,42362.5,42207.5,604009300.0,41390.34019505227,44534.29920409164,43227.63935029924,0,0
2022-01-16,41111.5,42579.0,41653.0,42362.5,800597500.0,41607.418250874514,44873.74686980713,43508.56716510188,0,2
2022-01-17,40531.5,43503.0,40650.0,41653.0,924430500.0,40970.45927059273,44090.521519816146,42800.03023869908,0,0
2022-01-18,35394.5,41067.0,36436.5,40650.0,2100109600.0,39694.33501558991,43054.610267389966,41649.92849162877,0,0
2022-01-19,33973.0,36799.5,35052.0,36436.5,1213128000.0,35469.11449726904,39005.22478776925,37527.25234334705,0,0
2022-01-20,34613.0,36513.5,36252.0,35052.0,787106900.0,33785.39490989496,37454.68073740176,35913.39625111297,0,1
2022-01-21,32898.5,37560.0,36657.5,36252.0,1752304000.0,35467.157278641476,39006.55480677796,37527.214503549956,0,0
2022-01-22,35717.0,37539.0,36949.0,36657.5,895249700.0,35747.052889600694,39506.24805817032,37919.62951459802,0,0
2022-01-23,36260.0,38906.0,36819.0,36949.0,1077510300.0,36105.84970547654,39554.43579091495,38116.70944758201,0,0
2022-01-24,35514.0,37246.5,37163.5,36819.0,821052200.0,36293.8242045246,39287.871248435324,38084.20654556594,0,0
2022-01-25,36166.0,38002.0,37710.0,37163.5,615703100.0,36631.14563759341,39599.07392945135,38421.41571859708,0,0
2022-01-26,37281.5,38745.0,38174.0,37710.0,577571500.0,37519.302540572055,39991.849972562704,39067.21749023491,0,0
2022-01-27,37342.5,38368.5,37893.5,38174.0,459399600.0,37991.149203515,40868.34749439613,39747.10170104991,0,0
2022-01-28,36629.5,38745.0,38473.0,37893.5,722617500.0,37539.01208532762,40461.02900623428,39319.378861818725,0,2
2022-01-29,38000.0,39330.5,38687.0,38473.0,884188200.0,38194.55790115286,40933.93290472011,39889.17374676108,0,2
2022-01-30,36602.5,38865.0,36904.5,38687.0,746883200.0,38434.08426211073,41461.01877879946,40274.74128957008,0,2
2022-01-31,36222.5,37379.0,37310.0,36904.5,593239500.0,36601.8722883248,39628.32677337938,38452.95653123135,0,2
2022-02-01,37025.0,41737.0,41585.5,37310.0,1127249600.0,37142.04703238438,39943.549178519475,38883.2916751321,0,0
2022-02-02,40955.0,41949.5,41387.0,41585.5,601055700.0,41505.31559456819,43960.46414435256,43067.206006010936,0,2
2022-02-03,41133.0,42693.0,42375.5,41387.0,569456200.0,40995.77587053392,43986.752734134316,42824.91145442411,0,2
2022-02-04,41623.5,44550.0,43845.5,42375.5,931253100.0,41867.594956305984,44816.40064835248,43668.151990127,0,2
2022-02-05,42690.0,45530.0,44045.0,43845.5,1229701300.0,43374.76000893365,46468.15155272535,45251.58816697585,0,2
2022-02-06,43116.5,44829.5,44403.0,44045.0,788580400.0,43327.85893913619,46656.2036019296,45329.47838326134,0,2
2022-02-07,43200.0,45853.5,43491.5,44403.0,1287302000.0,43860.53615435325,46934.48929837265,45733.326793372966,0,2
2022-02-08,41934.5,43930.5,42378.0,43491.5,989645700.0,42888.83488726472,46252.82100720884,44910.003021108714,0,2
2022-02-09,41655.0,43002.0,42200.5,42378.0,531980800.0,42045.40743411773,45000.88771476155,43869.40665767722,0,0
2022-02-10,41850.0,42772.5,42061.5,42200.5,520665300.0,41741.29028841656,44656.43322362423,43540.952340480704,0,0
2022-02-11,41516.0,42891.0,42535.5,42061.5,719497200.0,41774.31433911267,45030.1404516523,43742.71673982835,0,0
2022-02-12,42438.0,44765.0,44560.0,42535.5,691393000.0,42354.67603375437,45133.05874886692,44079.78274883113,0,0
2022-02-13,43320.0,44562.5,43878.5,44560.0,659130900.0,44253.903405977035,47145.88103717004,46030.67230486727,0,2
2022-02-14,40066.0,44160.0,40516.0,43878.5,1178660200.0,43700.941170264894,46617.15307608104,45490.398441510304,0,2
2022-02-15,39441.0,40960.0,39988.0,40516.0,804704000.0,39912.23969460088,43410.360705142,42007.46213280526,0,0
2022-02-16,39638.0,40450.0,40083.5,39988.0,405770300.0,39693.460600867766,42584.53886512644,41490.88054005143,0,0
2022-02-17,37956.5,40120.0,38386.5,40083.5,840769300.0,39731.58501826631,42465.07755315679,41449.877311859,0,0
2022-02-18,36800.0,39499.0,37014.0,38386.5,1341356400.0,37855.86177927142,41465.31660116611,40016.972413606,0,0
2022-02-19,36321.0,38435.0,38240.0,37014.0,887993200.0,36518.24496990028,39638.99549392513,38431.24506524643,0,0
2022-02-20,37050.0,39270.0,37262.0,38240.0,825792400.0,37920.275435954,40865.16141836782,39744.69950709947,0,0
2022-02-21,34348.5,40051.5,38330.0,37262.0,1926224100.0,36666.99615173056,39868.777007021476,38624.418531134375,0,0
2022-02-22,37970.0,39677.5,39207.5,38330.0,872453700.0,37694.1393598226,41156.904655066726,39785.130650269,0,0
2022-02-23,38583.5,40291.0,39115.0,39207.5,535537500.0,38634.880642859556,41531.42162025254,40434.11853755145,0,0
2022-02-24,36965.0,39879.0,37693.0,39115.0,898544700.0,38585.520670685335,41590.90430436115,40440.84493777726,0,2
2022-02-25,37434.5,44584.0,43176.5,37693.0,1368628000.0,36698.58641054359,40477.41154428393,38943.715649348116,0,0
2022-02-26,42861.0,44971.0,44427.0,43176.5,1009734100.0,41896.69828115543,45131.01774135299,43860.488343022414,0,2
2022-02-27,43300.0,45356.5,43909.0,44427.0,1139678100.0,43176.710848254756,46663.88423768965,45259.44094549963,0,2
2022-02-28,41820.0,44088.0,42439.5,43909.0,1004227200.0,42608.04247686462,46131.38004727849,44702.362712480404,0,2
2022-03-01,38500.0,42508.0,39128.5,42439.5,1137405600.0,41681.196509872236,45368.964624714754,43859.36756082034,0,2
2022-03-02,38549.5,39578.0,39375.5,39128.5,481970100.0,38345.367322887796,41760.43951206989,40400.594568500506,0,0
2022-03-03,38075.0,39693.0,38400.5,39375.5,889739400.0,38643.326191094326,41804.461982160465,40562.29108355916,0,0
2022-03-04,37135.5,39545.0,37967.0,38400.5,1194820500.0,37727.06680423633,41053.390545803646,39717.60520903881,0,0
2022-03-05,37857.0,39381.0,38723.5,37967.0,1087892900.0,37314.24299084324,40566.00530456635,39260.67018827288,0,0
2022-03-06,38641.5,42596.5,41954.5,38723.5,1079137900.0,38429.3142805105,41159.876276255054,40097.16413695898,0,0
2022-03-07,38420.0,42037.0,39418.0,41954.5,1351599500.0,41379.51609638804,44041.59236209372,43009.62961182898,0,0
2022-03-08,38239.0,40245.5,38714.5,39418.0,979194400.0,38792.68216763162,42200.18569131027,40800.941485551695,0,0
2022-03-09,38645.5,39480.0,38794.0,38714.5,377767900.0,38278.197977853764,40992.14096883044,39939.286114433664,0,0
2022-03-10,37548.0,39306.5,37749.0,38794.0,607095300.0,38602.767987855026,41269.568366690684,40240.9326989816,0,0
2022-03-11,37527.5,39916.5,39662.0,37749.0,721078400.0,37252.81407284811,40383.73595856312,39128.2713377302,0,0
2022-03-12,38112.0,39892.0,39280.5,39662.0,677379000.0,39380.60139730472,41874.1262549291,40926.83594075871,0,0
2022-03-13,38752.0,41790.0,41115.5,39280.5,1212441800.0,39117.65455015503,41874.63066191516,40795.48769285342,0,0
2022-03-14,40450.0,41472.0,40914.0,41115.5,519838500.0,40826.62609535583,43546.050312790234,42481.8973305274,0,2
2022-03-15,40160.0,42352.0,41768.5,40914.0,691900400.0,40904.117597542725,43412.61076074277,42452.987981899074,0,2
2022-03-16,41509.5,42429.0,42222.0,41768.5,463051600.0,41783.77166102608,43957.842687735945,43164.63682717239,0,2
2022-03-17,40902.0,42293.5,41268.0,42222.0,703329300.0,42189.5460700579,44622.2035971789,43692.611295493305,0,2
2022-03-18,40421.5,41541.0,40983.0,41268.0,1161427500.0,41053.99982400451,43803.91027605038,42716.75624938239,0,2
2022-03-19,40867.5,43420.5,42354.0,40983.0,1139088700.0,40940.87744494072,43482.95000894739,42493.73326280042,0,2
2022-03-20,41691.5,43024.0,42892.0,42354.0,918961000.0,42188.722949525916,44723.05420115016,43732.26947408542,0,2
2022-03-21,42270.0,44240.0,43991.0,42892.0,1057549400.0,42776.242045473526,45149.17524081743,44237.53534150148,0,2
2022-03-22,43590.0,45110.0,44298.5,43991.0,923049300.0,43909.152244056095,46291.908996029044,45365.8364010057,0,2
2022-03-23,44060.0,44799.5,44526.5,44298.5,476254000.0,44550.98662793689,46682.362809258935,45879.85246161391,0,2
2022-03-24,44435.0,46966.0,46816.0,44526.5,721266600.0,44512.104873611286,46604.2105948049,45818.840185455694,0,0
2022-03-25,46666.5,48178.5,47130.0,46816.0,889697000.0,46528.11806617401,49029.48704289667,48031.68963552609,0,2
2022-03-26,46955.0,48120.5,47444.0,47130.0,939962900.0,46787.38919006591,49204.153614393406,48245.95327344231,0,2
2022-03-27,46528.0,47701.0,47050.5,47444.0,879573200.0,47196.17174319796,49654.57726654816,48667.5320937434,0,2
2022-03-28,45188.5,47604.5,45504.0,47050.5,941261200.0,46856.0416671071,49207.745392763725,48274.42608222591,0,2
2022-03-29,44178.0,46720.0,46269.5,45504.0,1140415500.0,45243.35087102746,47959.93346227012,46851.87797198907,0,0
2022-03-30,45610.5,47222.5,45814.0,46269.5,663368100.0,46281.79754092149,48409.88969521932,47591.305634814875,0,2
2022-03-31,45542.0,47458.0,46406.0,45814.0,750019800.0,45408.18825449268,47810.13080464602,46850.37749588859,0,0
2022-04-01,45119.0,46900.0,46605.0,46406.0,823856000.0,46024.35747106647,48726.23999544837,47610.141811078094,0,2
2022-04-02,45362.0,47227.5,45498.0,46605.0,785301200.0,46309.548970505646,48595.59499206568,47679.60464196202,0,2
2022-04-03,43111.5,45498.5,43167.5,45498.0,935902100.0,45097.677804584295,47895.004858149834,46726.00625203357,0,0
2022-04-04,42668.0,43896.0,43420.0,43167.5,546187700.0,42925.09863409777,45649.68696177701,44522.69719709838,0,0
2022-04-05,42077.5,43977.0,42247.0,43420.0,868570000.0,43185.820228796394,45470.85001294006,44562.89220615067,0,0
2022-04-06,42085.0,42790.5,42744.5,42247.0,422082900.0,42340.078670364615,44429.15849029763,43622.26498685831,0,0
2022-04-07,41860.5,43400.0,42150.0,42744.5,683558200.0,42754.08272570843,44868.14944778464,44042.249361808266,0,0
2022-04-08,39180.0,42392.0,39509.5,42150.0,1258020500.0,42063.3198768454,44333.832908707176,43426.156058107015,0,0
2022-04-09,39254.5,40705.0,40075.5,39509.5,908986500.0,39206.47836812863,41914.40289045246,40802.04576859117,0,0
2022-04-10,39584.0,41532.5,41120.0,40075.5,744860200.0,39941.60754030378,42316.004419463075,41363.79674825301,0,0
2022-04-11,39550.0,41497.5,39929.0,41120.0,621954900.0,41091.1123069835,43214.73763440697,42389.28161315028,0,0
2022-04-12,39750.0,40861.5,40530.5,39929.0,369508600.0,39697.31559135851,42343.67453000771,41261.95444390584,0,0
2022-04-13,39946.0,40700.0,40366.5,40530.5,343249800.0,40831.85222118298,42585.68754998075,41940.7857778232,0,0
2022-04-14,39526.5,40575.0,39661.5,40366.5,423384600.0,40456.35600820606,42352.38246582066,41640.94171710225,0,0
2022-04-15,38376.5,41133.0,40793.5,39661.5,835687200.0,39572.72747985126,42080.860847238626,41066.52485897587,0,0
2022-04-16,40502.0,41783.5,41470.0,40793.5,450867800.0,40833.61461598009,42885.89845981193,42095.824879322805,0,0
2022-04-17,40860.0,42205.5,41356.0,41470.0,623091200.0,41300.42150505916,43669.20904269314,42717.68017200232,0,2
2022-04-18,39721.5,42984.0,40453.5,41356.0,739860700.0,41298.45941222922,43533.442299597176,42645.74991585058,0,2
2022-04-19,39129.0,40810.0,39678.0,40453.5,428905400.0,40032.92000320599,42621.562925301405,41560.86069596796,0,0
2022-04-20,39280.0,40039.0,39437.5,39678.0,297015500.0,39623.76864444812,41722.88961940025,40909.007173817874,0,0
2022-04-21,38887.5,39935.5,39445.0,39437.5,493912100.0,39295.89847846402,41482.2869103736,40619.355022183154,0,0
2022-04-22,38161.0,40690.0,40416.5,39445.0,811178100.0,39342.501809427864,41940.474942456014,40870.110175035166,0,0
2022-04-23,37651.0,40814.0,38085.5,40416.5,817837800.0,40386.79090010498,42650.946545952975,41738.345983467014,0,0
2022-04-24,37857.0,39455.5,39219.0,38085.5,731989700.0,37741.87198476039,40626.470556666216,39407.61340378649,0,0
2022-04-25,38883.5,40373.0,39733.5,39219.0,728854200.0,38934.5310844458,41300.22764196973,40338.179683159615,0,0
2022-04-26,38165.5,39909.5,38568.0,39733.5,511851400.0,39580.3750482882,41936.588645355434,40974.399404561045,0,0
2022-04-27,37553.0,38768.0,37620.0,38568.0,322171600.0,38541.33023737235,40809.323761834596,39899.15732818212,0,0
2022-04-28,37379.0,38700.0,38457.5,37620.0,443567200.0,37556.01692327118,39845.546401741194,38918.14921573202,0,0
2022-04-29,38037.5,39150.0,38500.5,38457.5,596538100.0,38367.25453845446,40816.192478100216,39808.46078555258,0,2
2022-04-30,37491.5,38633.5,37715.0,38500.5,458253100.0,38374.34861645112,40696.01819943571,39750.65431262179,0,0
2022-05-01,37663.5,40040.5,39692.0,37715.0,688377200.0,37542.15036197474,40064.91454032681,39020.31230132784,0,0
2022-05-02,35485.0,39822.5,36515.5,39692.0,1152138900.0,39550.53367855239,41887.3548566102,40928.794747285116,0,2
2022-05-03,35220.0,36632.0,36002.0,36515.5,629866100.0,36052.58860574362,39087.86841025177,37797.058450009914,0,0
2022-05-04,34696.5,36099.0,35443.5,36002.0,358045500.0,35704.844037651405,38288.16065454715,37222.048813914276,0,0
2022-05-05,33607.5,35471.5,34013.5,35443.5,702297700.0,35265.69168819771,37808.19842089836,36760.17718124982,0,0
2022-05-06,30021.0,34215.0,30066.0,34013.5,1761504200.0,33409.29606688752,36791.879295906634,35330.974760291996,0,0
2022-05-07,29718.5,32636.0,30991.5,30066.0,1176515400.0,29491.014894254033,32743.026884675048,31347.187033160386,0,1
2022-05-08,27655.0,32133.5,28954.0,30991.5,1878828800.0,30308.78002191444,33369.96555936059,32066.490959855524,0,0
2022-05-09,25302.5,30124.0,28929.5,28954.0,1351009000.0,28244.7327158898,31489.597024201546,30098.86487148061,0,0
2022-05-10,28668.0,30983.0,29226.5,28929.5,675636400.0,27995.825715580297,31692.619394898516,30080.792118181664,0,0
2022-05-11,28578.0,30295.0,30033.0,29226.5,504858700.0,28856.615697261208,31725.46078223431,30514.67264700642,0,0
2022-05-12,29440.0,31416.0,31273.5,30033.0,418586600.0,29704.109505557557,32432.155914216317,31293.618676839433,0,0
2022-05-13,29051.0,31276.0,29822.0,31273.5,747451300.0,30516.12348476774,33437.99853871415,32196.156019482238,0,0
2022-05-14,29346.0,30739.5,30400.5,29822.0,609220300.0,29536.321149462914,32462.444638050416,31224.294900444176,0,0
2022-05-15,28588.5,30675.0,28650.5,30400.5,679961600.0,30020.00448989706,32806.080523522905,31634.26477668623,0,0
2022-05-16,28639.5,30495.0,30292.5,28650.5,581143500.0,28223.115878301487,30983.38490016439,29832.397100394,0,0
2022-05-17,28657.0,30784.5,29173.0,30292.5,672501700.0,29856.42450969293,32475.679819633668,31391.636109856656,0,2
2022-05-18,28913.0,29613.0,29400.5,29173.0,314652800.0,29028.991406116904,31290.27762584899,30380.118061234672,0,0
2022-05-19,29220.0,30460.0,30268.5,29400.5,400415300.0,29084.586393056503,31551.29743142947,30534.286598873226,0,2
2022-05-20,28819.5,30632.5,29058.0,30268.5,648131500.0,30058.362104978536,32516.037868140946,31490.99062768244,0,2
2022-05-21,28606.0,29830.0,29620.0,29058.0,577348400.0,28729.173605782653,31342.127748255396,30241.74385693526,0,0
2022-05-22,29297.5,30194.0,29510.0,29620.0,480177200.0,29431.339725025377,31802.63645488042,30811.908870128802,0,2
2022-05-23,27977.0,29847.5,29172.5,29510.0,824038400.0,29404.8407519572,31624.298203586644,30703.81983753921,0,2
2022-05-24,28230.5,29354.5,28580.0,29172.5,629985300.0,29177.887765075895,31529.457328381708,30540.97808149923,0,2
2022-05-25,28488.5,29220.0,28990.0,28580.0,218075000.0,28575.816790517463,30381.943050300975,29663.505062246782,0,0
2022-05-26,28800.0,29550.5,29430.0,28990.0,266404000.0,29181.51710456873,31131.919704861495,30332.6035265513,0,2
2022-05-27,29272.0,32173.5,31702.0,29430.0,785382000.0,29357.50615197728,31280.216783655458,30492.69091831558,0,0
2022-05-28,31185.0,32372.5,31756.0,31702.0,628204700.0,31660.50527789926,33605.99111610339,32795.399193225225,0,2
2022-05-29,29283.5,31958.0,29782.0,31756.0,829586800.0,31681.218450406035,33689.34233737334,32842.170526236914,0,2
2022-05-30,29558.0,30734.5,30422.5,29782.0,490755000.0,29483.986658494454,31791.833991488314,30799.853222323494,0,0
2022-05-31,29236.5,30674.5,29664.5,30422.5,536259400.0,30377.437406529883,32493.66342768837,31594.961808365006,0,2
2022-06-01,29435.0,29968.5,29833.0,29664.5,383765000.0,29951.560608542954,31519.16016162251,30895.919537470003,0,0
2022-06-02,29498.0,30154.5,29870.5,29833.0,511447600.0,29964.51756282056,31769.059564197272,31021.285057527304,0,0
2022-06-03,29850.0,31737.5,31333.0,29870.5,666760700.0,30152.547868815665,31881.314881983075,31162.110999340963,0,0
2022-06-04,29166.5,31548.5,31110.0,31333.0,988898200.0,31546.524078641432,33165.706756720385,32497.895650921557,0,2
2022-06-05,29812.5,31285.0,30175.0,31110.0,483844500.0,31348.06432682278,33220.41634930407,32424.448124568517,0,2
2022-06-06,29909.0,30675.0,30061.5,30175.0,386918300.0,30151.051720835876,32126.607293800804,31283.19690696376,0,0
2022-06-07,28800.0,30345.0,29050.0,30061.5,622441800.0,30521.389271799337,32259.951276001357,31534.802451248906,0,2
2022-06-08,28085.0,29399.5,28375.0,29050.0,712230600.0,29387.659436531543,30757.951805133616,30224.032912320556,0,0
2022-06-09,26500.0,28490.0,26530.0,28375.0,743610200.0,28644.541401804257,30331.50031118708,29639.559048928313,0,0
2022-06-10,21870.0,26900.0,22429.5,26530.0,1890047300.0,26718.155599632402,28777.881083163516,27903.27710050977,0,0
2022-06-11,20780.5,23350.0,22097.0,22429.5,1258990500.0,22235.525829321617,24806.919979089897,23695.468635408786,0,0
2022-06-12,20014.5,22877.0,22539.5,22097.0,1428767700.0,22038.06970320192,24450.773775622696,23419.634773657075,0,0
2022-06-13,20189.0,22949.5,20355.5,22539.5,638516700.0,22778.41720932846,24801.91495357088,23967.452627494684,0,0
2022-06-14,20195.0,21349.0,20424.0,20355.5,583559700.0,20286.114935364454,22996.8398655281,21830.916823423948,0,0
2022-06-15,17568.5,20734.5,18951.5,20424.0,1135597600.0,21169.450932595955,22563.87736860293,22049.716130325643,0,0
2022-06-16,17886.0,20771.0,20535.5,18951.5,891236800.0,19279.832935664024,21052.60419818455,20362.14557209015,0,0
2022-06-17,19600.0,21049.0,20539.5,20535.5,545908100.0,20595.040739786855,22893.802050699782,21949.16567295176,0,0
2022-06-18,20318.0,21693.5,20691.5,20539.5,515548300.0,20974.84739934833,22749.310075361445,22065.635312005124,0,0
2022-06-19,19736.5,20872.0,19965.5,20691.5,598570900.0,20883.386231218876,22936.705922416404,22119.355147718303,0,0
2022-06-20,19866.0,21208.0,21078.5,19965.5,413994400.0,20401.508272368992,22053.201851469566,21443.51449031681,0,0
2022-06-21,20700.0,21535.0,21209.0,21078.5,395344100.0,21499.221737889246,23055.55961129253,22501.17551501628,0,2
2022-06-22,20890.0,21594.5,21473.5,21209.0,259914100.0,22008.825367506357,23250.365032033475,22855.971207401843,0,2
2022-06-23,20951.0,21871.0,21031.5,21473.5,304478200.0,21973.86048493423,23379.705086250608,22903.854113333764,0,2
2022-06-24,20456.0,21511.0,20713.5,21031.5,404810700.0,21399.58334055158,23181.166260255577,22518.66105878568,0,2
2022-06-25,20166.0,21180.0,20250.0,20713.5,382650800.0,21142.492307348475,22685.910900380975,22145.25183814257,0,2
2022-06-26,19797.5,20418.0,20081.5,20250.0,384543700.0,20623.8611034042,22326.482977694905,21705.626617735332,0,2
2022-06-27,18558.0,20133.5,19924.0,20081.5,628788900.0,20544.697780334136,22049.308875059523,21528.354365941723,0,2
2022-06-28,18932.0,20885.5,19256.0,19924.0,591767100.0,20462.297857804122,22027.216570997498,21477.074698342243,0,2
2022-06-29,18930.5,19432.5,19215.5,19256.0,232154700.0,19845.97618865993,21260.210157613194,20785.13287476766,0,0
2022-06-30,18751.5,19640.0,19281.5,19215.5,367221600.0,19865.566365336144,21037.521981241185,20679.14051867373,0,0
2022-07-01,19017.0,20310.5,20201.0,19281.5,491375400.0,19539.348419908103,21035.589598103714,20514.226033162267,0,0
2022-07-02,19265.5,20734.0,20146.0,20201.0,731142900.0,20681.03419793597,22076.811510355285,21604.85732160822,0,2
2022-07-03,19735.5,20650.0,20541.5,20146.0,491020700.0,20633.14784887735,22075.314171227998,21576.994814158734,0,2
2022-07-04,20218.5,21831.0,21604.0,20541.5,457371700.0,21106.92914074852,22351.278737533303,21950.450767203543,0,2
2022-07-05,21162.5,22488.5,21574.5,21604.0,565984000.0,22169.01532624806,23317.236265835563,22964.827738543187,0,2
2022-07-06,21300.0,21942.0,21577.0,21574.5,319562500.0,22162.70523647701,23176.330400568626,22891.90704483477,0,2
2022-07-07,20627.0,21583.5,20835.5,21577.0,358502400.0,22092.260106775604,23114.48212568476,22821.713439081068,0,2
2022-07-08,19860.0,20836.0,19944.5,20835.5,460903500.0,21243.677119730466,22688.394266783176,22186.22589780938,0,2
2022-07-09,19212.0,20023.5,19302.0,19944.5,463694400.0,20508.884056759896,21818.981193272037,21385.877130635392,0,0
2022-07-10,18855.0,20325.0,20214.5,19302.0,749052500.0,19961.454348834126,21264.480218064073,20832.773199664913,0,0
2022-07-11,19585.0,20869.0,20571.5,20214.5,505038700.0,20911.636821743065,22001.343536884924,21672.38658238842,0,0
2022-07-12,20363.5,21184.0,20818.0,20571.5,442162800.0,21338.548429412007,22477.204127270055,22119.503847654803,0,0
2022-07-13,20465.0,21583.5,21182.5,20818.0,380700000.0,21773.94149044071,22457.989328441443,22324.194730111285,0,0
2022-07-14,20710.0,21678.5,20790.0,21182.5,351244600.0,22010.522179386156,22965.324311643904,22690.848859427693,0,2
2022-07-15,20750.0,22751.0,22435.0,20790.0,640250700.0,21354.910763071784,22652.57736908502,22210.219802572425,0,0
2022-07-16,21575.5,23800.0,23391.5,22435.0,820901700.0,23045.097510532738,24109.944147175793,23780.59748890237,0,2
2022-07-17,22912.5,24271.5,23219.5,23391.5,682191300.0,23886.73119812255,25315.028999071616,24801.757556669618,0,2
2022-07-18,22340.0,23418.5,23150.0,23219.5,531409600.0,23641.79169861582,25081.199320262676,24562.70008623154,0,2
2022-07-19,22490.0,23750.0,22679.5,23150.0,469292100.0,23840.047402507964,25138.115130666272,24692.787181010666,0,2
2022-07-20,21945.0,22986.0,22442.0,22679.5,419423900.0,23400.169706590266,24516.593760578126,24166.99492498805,0,2
2022-07-21,22261.5,23000.0,22580.0,22442.0,361068600.0,23233.303057316356,24468.40998800172,24061.10959442868,0,2
2022-07-22,21234.0,22653.5,21280.0,22580.0,539913400.0,23162.294988893856,24619.972639622785,24097.330093918208,0,2
2022-07-23,20720.0,21334.5,21238.5,21280.0,447001900.0,21996.62179789983,23470.274014613868,22943.85494988972,0,0
2022-07-24,21007.5,23114.0,22949.0,21238.5,600093600.0,22016.396814173986,23523.961166747224,22978.16106953536,0,0
2022-07-25,22590.5,24190.0,23841.5,22949.0,698169400.0,23726.31158004602,25017.051846338025,24577.571734520643,0,2
2022-07-26,23258.0,24444.0,23769.5,23841.5,630897500.0,24533.342275256255,26025.065791956902,25487.00565202982,0,2
2022-07-27,23081.0,24684.0,23644.0,23769.5,512903400.0,24630.322565828974,25688.028997009293,25364.65389266704,0,2
2022-07-28,23226.5,24191.0,23299.0,23644.0,356673400.0,24273.34177453192,25723.815162475235,25209.067489495683,0,2
2022-07-29,22838.5,23498.5,23264.0,23299.0,445578500.0,23781.15890189806,25563.096843974396,24888.64458928966,0,2
2022-07-30,22651.0,23461.0,22978.0,23264.0,483740000.0,23914.4074652158,25357.373952136655,24855.137050585927,0,2
2022-07-31,22690.5,23653.5,22812.5,22978.0,415833800.0,23666.159833501606,25401.42061312064,24755.252994643433,0,2
2022-08-01,22371.5,23213.5,22603.0,22812.5,502826700.0,23575.93974224119,25080.25064190362,24552.818753044827,0,2
2022-08-02,22570.5,23463.0,23302.5,22603.0,527101500.0,23520.454245944864,24892.586393228245,24432.308736943134,0,2
2022-08-03,22905.0,23347.0,22953.5,23302.5,212847700.0,24325.801851296368,25264.249401469166,25022.298536341645,0,2
2022-08-04,22835.0,23401.5,23168.5,22953.5,235344200.0,23912.949007638756,25237.968299435564,24802.66706944312,0,2
2022-08-05,23150.0,24235.0,23804.5,23168.5,420842900.0,23939.850368325155,25446.76243032085,24921.065536704074,0,2
2022-08-06,22861.0,23915.0,23134.5,23804.5,408634000.0,24674.573508877133,25996.26340424124,25560.462985309558,0,2
2022-08-07,22607.5,24228.0,23952.5,23134.5,563159200.0,23935.397599223088,25497.18482180155,24944.675363605653,0,2
2022-08-08,23853.0,24910.0,23938.0,23952.5,498051000.0,24609.163617183636,26000.010788965235,25534.30712589037,0,2
2022-08-09,23558.0,24440.0,24396.0,23938.0,342401800.0,24653.704062016706,26166.654914141047,25641.865695667453,0,2
2022-08-10,24276.0,24898.0,24444.5,24396.0,282161800.0,25387.920549042472,26282.640727084032,26069.701655933022,0,2
2022-08-11,24136.0,25000.0,24298.0,24444.5,332731000.0,25264.06466865652,26444.723676630554,26085.317080056648,0,2
2022-08-12,23756.0,25246.5,24099.5,24298.0,583648400.0,25084.05814775616,26569.41881861936,26060.88239446895,0,2
2022-08-13,23666.0,24236.5,23842.5,24099.5,350314100.0,24793.347979423965,26106.361762763983,25682.249814346822,0,2
2022-08-14,23169.0,24434.0,23323.5,23842.5,505067500.0,24581.193566001148,25971.495460222173,25510.297586781824,0,2
2022-08-15,23100.5,23580.0,23188.5,23323.5,327916400.0,24067.156201431066,25451.948314175308,24994.389773979296,0,2
2022-08-16,20776.5,23192.0,20818.5,23188.5,765957700.0,24189.762384221496,25407.57236727292,25034.089743680768,0,2
2022-08-17,20758.0,21350.0,21127.0,20818.5,332625600.0,21747.956010660055,22825.80159186866,22532.438857514408,0,0
2022-08-18,21061.0,21800.0,21508.0,21127.0,322858400.0,22017.44135788031,23213.112066602636,22859.268658234665,0,0
2022-08-19,20859.0,21525.0,21390.5,21508.0,425906800.0,22466.007481876968,23606.0455915964,23276.05199852008,0,0
2022-08-20,20874.0,21680.0,21506.5,21390.5,409881700.0,22268.558102530547,23465.19042364058,23112.100710028255,0,0
2022-08-21,21137.0,21885.0,21356.0,21506.5,343581200.0,22597.943647861972,23796.501284492082,23435.528670555927,0,0
2022-08-22,21301.5,21810.0,21552.5,21356.0,311078500.0,22444.918355531914,23452.421985286936,23192.84494061018,0,0
2022-08-23,20100.0,21876.0,20224.5,21552.5,698218600.0,22548.936351964152,23481.835668783457,23265.68111763053,0,0
2022-08-24,19751.0,20358.5,20024.5,20224.5,334459000.0,21351.225270342475,22290.62901648751,22076.10902628061,0,0
2022-08-25,19517.5,20146.5,19552.5,20024.5,331404200.0,20944.041093784603,21916.34339442024,21690.13606584073,0,0
2022-08-26,19500.0,20497.0,20286.0,19552.5,456076400.0,20438.37216614631,21801.18042942398,21379.533286166024,0,0
2022-08-27,19526.5,20584.5,19803.0,20286.0,563444000.0,21182.207626293977,22343.64328132497,22023.632158552322,0,2
2022-08-28,19791.0,20477.0,20032.0,19803.0,482308000.0,20688.002553263064,22030.74477994219,21617.98909055208,0,2
2022-08-29,19553.0,20193.0,20125.5,20032.0,518485200.0,20899.563359517975,22071.69376379663,21745.108558666634,0,2
2022-08-30,19745.0,20437.0,19950.0,20125.5,426544700.0,21185.769505082182,22292.689300574366,21999.80998459401,0,2
2022-08-31,19593.5,20045.0,19821.5,19950.0,245736500.0,21097.77502033262,22015.863795528923,21818.593074324832,0,2
2022-09-01,19584.5,20017.5,19988.5,19821.5,362813100.0,20885.406660264773,21906.126315696423,21655.84951744175,0,2
2022-09-02,19620.5,20055.0,19782.5,19988.5,443451400.0,20721.13153363338,22053.780858148,21648.535618211296,0,2
2022-09-03,18652.5,20178.0,18775.0,19782.5,780869400.0,20697.808182968423,21935.44233306465,21576.490300967664,0,2
2022-09-04,18514.5,19456.5,19283.5,18775.0,351878400.0,19500.270567818894,20987.599522508055,20508.381926708913,0,2
2022-09-05,19005.0,19450.0,19307.0,19283.5,337231400.0,19992.551445829526,21261.415711230093,20893.260202855712,0,2
2022-09-06,19291.0,21620.0,21363.5,19307.0,707972400.0,20202.45718965029,21417.68936283027,21075.888750504262,0,0
2022-09-07,21125.5,21798.5,21636.0,21363.5,380019700.0,22343.356839626926,23371.151545368455,23116.64193600056,0,2
2022-09-08,21342.5,21864.0,21822.0,21636.0,333156200.0,22392.177415523427,23567.68522428922,23231.78104442791,0,2
2022-09-09,21511.5,22479.5,22395.0,21822.0,587429200.0,22326.511403889224,23851.383365607096,23337.312727222212,0,2
2022-09-10,19850.0,22819.0,20162.5,22395.0,875589800.0,23025.013172301893,24456.55133967699,23985.883168879827,0,2
2022-09-11,19602.0,20518.0,20216.0,20162.5,481896200.0,20441.458061250294,22430.36971835203,21691.689622780672,0,0
2022-09-12,19480.5,20329.0,19694.5,20216.0,398486400.0,20633.92398931467,22147.908914752254,21645.963966563508,0,0
2022-09-13,19317.0,19875.5,19789.5,19694.5,360162200.0,20367.774670779094,21743.92956956017,21309.815766394346,0,0
2022-09-14,19740.5,20165.0,20110.0,19789.5,261227900.0,20693.46570527157,21825.87213592731,21516.185132490296,0,0
2022-09-15,19332.0,20109.5,19414.0,20110.0,298272600.0,21061.28516298351,22048.212644776293,21799.263524267655,0,0
2022-09-16,18234.0,19675.0,19533.5,19414.0,722967200.0,20185.82704813498,21575.893629426635,21128.225675597772,0,0
2022-09-17,18714.5,19625.0,18869.5,19533.5,428346700.0,20357.548643588052,21533.03826827136,21192.09961377706,0,0
2022-09-18,18109.0,19930.5,18450.0,18869.5,392643200.0,19665.086320440925,21145.999515960208,20652.899334305745,0,0
2022-09-19,18344.5,19500.0,19389.5,18450.0,549408100.0,19192.35483716773,20543.511470131547,20119.663532249077,0,0
2022-09-20,18526.5,19484.0,19280.5,19389.5,400013900.0,20164.854460766972,21298.593947747795,20980.550729156534,0,2
2022-09-21,18802.5,19304.5,18914.5,19280.5,201021900.0,20287.99716942384,21135.188439391088,20963.354859011473,0,2
2022-09-22,18603.5,19169.5,18800.0,18914.5,277290100.0,19867.67686362499,21054.7854079468,20714.99131439713,0,2
2022-09-23,18680.5,19318.5,19218.0,18800.0,414129500.0,19812.520549922694,21070.638986886,20694.36377593201,0,2
2022-09-24,18815.0,20361.5,19064.5,19218.0,696502900.0,20192.900988601614,21118.972035237268,20913.425576022302,0,2
2022-09-25,18457.5,19796.5,19412.0,19064.5,494021500.0,20020.593144375183,21426.14453073816,20978.83752405358,0,2
2022-09-26,18838.0,19640.0,19582.5,19412.0,438052300.0,20410.8167732479,21538.829357524675,21230.585538783493,0,2
2022-09-27,19167.0,20172.0,19414.5,19582.5,522651300.0,20608.493573973697,21813.51697306454,21466.08806946803,0,2
2022-09-28,19125.5,19462.5,19302.0,19414.5,173425300.0,20739.01448929013,21809.541146272968,21528.801618457932,0,2
2022-09-29,18842.5,19386.0,19041.0,19302.0,312859900.0,20433.258518691935,21411.37738972279,21178.343466128903,0,2
2022-09-30,18946.0,19709.0,19625.0,19041.0,397545700.0,20110.680536889282,21498.08802524465,21059.265961911726,0,2
2022-10-01,19475.0,20489.0,20334.0,19625.0,416006000.0,20932.05751685552,22027.096625324724,21732.342422389895,0,2
2022-10-02,19734.0,20359.5,20152.5,20334.0,395326100.0,21510.316336991156,22729.114375212423,22371.61467621471,0,2
2022-10-03,19827.5,20440.5,19950.0,20152.5,409934300.0,21352.462855046553,22621.441473665123,22239.299163000294,0,2
2022-10-04,19305.5,20064.5,19518.0,19950.0,466484400.0,21245.026069165524,22465.59444649916,22109.175303016236,0,2
2022-10-05,19212.0,19609.5,19412.5,19518.0,204032800.0,21010.553475434735,21897.83562151418,21714.72822937344,0,2
2022-10-06,19305.5,19547.0,19437.0,19412.5,285681800.0,20698.984725771432,21806.845965521785,21515.61383872904,0,2
2022-10-07,18950.5,19519.5,19121.5,19437.0,559156800.0,20752.916262621482,22120.98467718547,21699.427564298836,0,2
2022-10-08,18839.0,19291.5,19050.0,19121.5,363490000.0,20427.484181616317,21625.64486086352,21292.936801876847,0,2
2022-10-09,18969.0,19234.0,19150.5,19050.0,281023900.0,20332.279721572133,21725.78348730581,21299.011382581215,0,2
2022-10-10,18040.0,19500.0,19371.0,19150.5,644060400.0,20642.000458551265,21832.220030736553,21507.77108917174,0,2
2022-10-11,19072.0,19951.5,19173.0,19371.0,449827600.0,20744.545117368092,21983.835132932665,21643.78020886719,0,2
2022-10-12,18983.0,19211.5,19054.5,19173.0,160918700.0,20604.93601274705,21775.743156365872,21472.036794507923,0,2
2022-10-13,19054.5,19411.0,19254.5,19054.5,195057400.0,20482.65950335648,21573.673183895702,21311.953911454053,0,2
2022-10-14,19148.5,19664.0,19540.5,19254.5,284920600.0,20370.38778295094,21891.1933206959,21416.059303454946,0,2
2022-10-15,19076.0,19719.0,19319.5,19540.5,412058500.0,20849.183381784173,22138.995339673067,21782.42736751967,0,2
2022-10-16,19053.0,19349.5,19120.5,19319.5,232867700.0,20514.496452507807,21997.36466537071,21547.793394429482,0,2
2022-10-17,18857.0,19343.5,19031.5,19120.5,321152300.0,20434.41905552163,21767.327350893014,21396.222733118593,0,2
2022-10-18,18655.0,19237.0,19160.5,19031.5,325649400.0,20417.7632655201,21642.44960561137,21331.32827457432,0,2
2022-10-19,19104.5,19237.0,19196.5,19160.5,104623100.0,20734.749537476087,21680.47487376742,21511.366660997854,0,2
2022-10-20,19069.0,19686.5,19566.5,19196.5,190928100.0,20590.492088713647,21686.85266492806,21440.998201688864,0,2
2022-10-21,19132.0,19593.0,19326.0,19566.5,244384400.0,20769.567252943256,22206.931254433843,21790.44157898951,0,2
2022-10-22,19230.5,20423.5,20077.5,19326.0,430056600.0,20544.451850590183,21819.04164379753,21484.211514541556,0,2
2022-10-23,20054.0,21000.0,20760.0,20077.5,399997100.0,21265.793243663953,22686.81525515779,22275.924993660232,0,2
2022-10-24,20143.5,20870.0,20289.5,20760.0,332055000.0,21892.70007927963,23145.915449542095,22818.700273943952,0,2
2022-10-25,19968.0,20755.5,20597.5,20289.5,313392900.0,21445.34977854506,22804.086649189565,22425.057539486625,0,2
2022-10-26,20563.0,21092.0,20805.5,20597.5,284815000.0,21919.50919110063,22832.59356686875,22678.247119893018,0,2
2022-10-27,20515.5,20920.0,20629.5,20805.5,207881100.0,22110.589704091504,23306.22923877878,23005.26358624082,0,2
2022-10-28,20234.0,20837.0,20490.0,20629.5,258224800.0,21682.73813712624,22990.917232767846,22636.857535504823,0,2
2022-10-29,20317.5,20698.5,20470.5,20490.0,201264000.0,21599.96936202905,22824.45628590604,22510.96173762266,0,2
2022-10-30,20000.0,20790.0,20137.5,20470.5,344285200.0,21720.707137522193,23017.242144118285,22666.78395585196,0,2
2022-10-31,20028.0,20374.5,20200.0,20137.5,238063100.0,21380.044815079662,22519.27898206962,22249.738352702512,0,2
2022-11-01,20185.0,21296.0,21136.5,20200.0,403306200.0,21509.053689403052,22587.99319514456,22350.080564095657,0,2
2022-11-02,21075.5,21466.5,21294.0,21136.5,154069300.0,22675.864355244663,23382.657051220398,23326.742670326043,0,2
2022-11-03,20876.0,21357.5,20902.5,21294.0,178259000.0,22563.25752503436,23534.550431847143,23346.16246066586,0,2
2022-11-04,20364.5,21050.0,20578.0,20902.5,297609100.0,22026.71197603291,23368.827213861303,22995.09473482239,0,2
2022-11-05,16901.0,20675.0,18530.0,20578.0,1299514200.0,21782.104010933264,22950.19137164968,22667.132824890665,0,2
2022-11-06,15470.0,18568.0,15896.0,18530.0,1090937900.0,19389.33824966639,21251.40484159558,20638.088629667494,0,0
2022-11-07,15695.5,18088.0,17548.0,15896.0,703470600.0,16495.126397860226,18675.991385274832,17916.24465978082,0,0
2022-11-08,16350.0,17658.0,16998.5,17548.0,614605600.0,18490.982116820927,20021.85197154406,19585.385503863665,0,0
2022-11-09,16575.0,17048.0,16779.5,16998.5,155017200.0,18027.087616759614,19413.40246609361,19053.484768960487,0,0
2022-11-10,16211.0,16916.5,16295.5,16779.5,179614800.0,17778.57262191333,19299.77936287106,18871.28340528849,0,0
2022-11-11,15791.5,17144.5,16589.5,16295.5,439267900.0,17613.019507733057,19212.861843545546,18743.759809265735,0,0
2022-11-12,16492.5,17100.0,16876.0,16589.5,316562200.0,17789.587474739048,19087.44282310336,18778.12376835514,0,0
2022-11-13,16369.0,16988.0,16639.5,16876.0,292968500.0,18140.548193915296,19575.454002656257,19198.148946674017,0,0
2022-11-14,16400.0,16743.5,16689.5,16639.5,222940700.0,17937.112014465823,19261.694846542632,18944.678766555415,0,0
2022-11-15,16537.5,16979.0,16668.5,16689.5,252243600.0,18094.670907636108,19437.76648018274,19115.237957340752,0,2
2022-11-16,16507.0,16830.0,16691.0,16668.5,150072500.0,18268.755029631895,19166.262897861434,19071.612254578657,0,2
2022-11-17,16159.5,16733.0,16260.5,16691.0,231499300.0,18048.610598187784,19193.238624267746,18979.672809876036,0,2
2022-11-18,15400.0,16293.0,15752.5,16260.5,486527900.0,17490.437702234492,19019.669217640076,18616.5918495873,0,2
2022-11-19,15608.0,16290.0,16197.0,15752.5,265144200.0,17023.00616052807,18406.437010021764,18081.835051701513,0,2
2022-11-20,16140.5,16713.5,16592.0,16197.0,312993100.0,17438.103215821506,18989.228364818537,18580.754892789035,0,2
2022-11-21,16460.0,16782.0,16583.5,16592.0,184522500.0,17965.21912031147,19348.314885058207,19020.574624539626,0,2
2022-11-22,16307.0,16600.0,16524.0,16583.5,181552900.0,17851.22002497669,19165.56424361766,18874.26104314916,0,2
2022-11-23,16343.0,16677.0,16444.0,16524.0,261141700.0,18050.13123354472,19040.76192913064,18911.50966969202,0,2
2022-11-24,16378.5,16630.0,16422.5,16444.0,198318200.0,17843.693954042163,19017.26195111359,18795.89405721795,0,2
2022-11-25,15990.5,16478.5,16210.5,16422.5,291013300.0,17689.49803879986,19086.457544631812,18754.754979411544,0,2
2022-11-26,16094.0,16543.0,16436.5,16210.5,228630800.0,17470.408118069776,18658.46714711116,18433.455188006683,0,2
2022-11-27,16432.5,17259.5,17160.0,16436.5,330940500.0,17672.01806898716,19064.425258528863,18737.84075394256,0,2
2022-11-28,16859.5,17300.5,16956.5,17160.0,223270900.0,18531.50285329785,19713.96039879169,19489.80439661498,0,2
2022-11-29,16706.5,17156.0,17083.0,16956.5,243226500.0,18278.610652319498,19426.03223501558,19222.573511136572,0,2
2022-11-30,16858.5,17140.0,16901.5,17083.0,167423200.0,18587.888397859417,19388.53395932418,19359.3739008768,0,2
2022-12-01,16900.0,17289.5,17121.5,16901.5,182830700.0,18294.13944113862,19354.82942219564,19194.711486816286,0,2
2022-12-02,16855.0,17438.0,16958.0,17121.5,285656200.0,18401.893217912795,19665.568538913743,19403.71252947832,0,2
2022-12-03,16913.0,17096.5,17075.0,16958.0,192769300.0,18335.129559451227,19412.375809927187,19239.946010925825,0,2
2022-12-04,16650.0,17130.5,16817.5,17075.0,209194000.0,18369.332045871764,19505.927931502985,19304.802598472004,0,2
2022-12-05,16731.0,17311.5,17223.0,16817.5,238949800.0,18168.253052886415,19277.708228755528,19091.876108960627,0,2
2022-12-06,17058.0,17340.0,17118.5,17223.0,177900600.0,18747.35503022122,19753.203763289315,19620.19313511408,0,2
2022-12-07,17098.0,17213.0,17122.0,17118.5,127838000.0,18928.82855286642,19465.445303823108,19566.2492937427,0,2
2022-12-08,17071.0,17258.0,17081.5,17122.0,122080300.0,18648.16075235322,19412.259795878683,19401.321274487334,0,2
2022-12-09,16870.5,17229.5,17198.5,17081.5,214568000.0,18538.79235902629,19715.67767230863,19497.13110429397,0,2
2022-12-10,17073.0,18190.0,17774.5,17198.5,367733900.0,18808.756328368407,19693.180987570686,19620.775377289145,0,2
2022-12-11,17663.5,18372.5,17811.5,17774.5,320468600.0,19255.48630982695,20401.498845343045,20197.38471545236,0,2
2022-12-12,17270.5,17858.5,17351.5,17811.5,277202200.0,19251.168437050408,20323.38662172646,20158.632358127332,0,2
2022-12-13,16517.0,17522.0,16618.5,17351.5,399703900.0,18802.40488235293,19879.200850392866,19718.461838874864,0,2
2022-12-14,16582.0,16787.5,16774.0,16618.5,131645600.0,18339.9090836737,19283.68186052988,19195.241946387716,0,2
2022-12-15,16661.0,16826.0,16744.5,16774.0,100875200.0,18434.182337461443,19388.198524782238,19298.43205485666,0,2
2022-12-16,16240.5,16819.0,16434.5,16744.5,217570500.0,18308.3923965964,19613.902065154492,19350.148048488216,0,2
2022-12-17,16390.0,17045.0,16891.5,16434.5,265697700.0,18043.198386087097,19254.11436877484,19042.11403381471,0,2
2022-12-18,16718.0,16914.0,16821.5,16891.5,171217900.0,18571.851733721476,19918.698472607968,19637.274578008582,0,2
2022-12-19,16553.0,16862.0,16809.5,16821.5,224080700.0,18535.64957013957,19714.041468835603,19521.61907163856,0,2
2022-12-20,16745.0,16935.0,16780.5,16809.5,126032500.0,18527.135755808533,19823.998307988677,19578.10081314386,0,2
2022-12-21,16780.5,16858.5,16828.5,16780.5,57711300.0,18764.333002025207,19747.80988048685,19661.42440895005,0,2
2022-12-22,16707.0,16848.5,16819.0,16828.5,82197100.0,18638.826825225926,19788.96367179718,19622.74569702833,0,2
2022-12-23,16647.0,16941.0,16920.0,16819.0,114548500.0,18429.582315375974,19994.5488528687,19624.452729744906,0,2
2022-12-24,16579.5,16979.0,16692.0,16920.0,189277900.0,18613.60731060676,20040.39410002328,19742.617864539425,0,2
2022-12-25,16456.0,16768.5,16537.5,16692.0,204995500.0,18244.304863631907,19921.345566640302,19505.58611470097,0,2
2022-12-26,16477.0,16645.0,16620.0,16537.5,141152300.0,18087.8241765819,19718.233035556037,19332.94545305783,0,2
2022-12-27,16322.0,16655.5,16602.0,16620.0,189409100.0,18366.273581703514,19943.30718481076,19588.641792196413,0,2
2022-12-28,16424.5,16618.5,16522.0,16602.0,98777600.0,18509.581182617578,19768.85826889245,19577.78310200289,0,2
2022-12-29,16482.0,16618.0,16610.0,16522.0,76694600.0,18168.35202890582,19806.19864701669,19426.312156365893,0,2
2022-12-30,16544.5,16789.5,16670.0,16610.0,178201900.0,18034.17200523155,19966.072415156057,19441.484364241387,0,2
2022-12-31,16596.0,16765.0,16656.0,16670.0,181530200.0,18216.664099558893,20044.453674388893,19569.727792675156,0,2
2023-01-01,16639.5,16978.0,16842.5,16656.0,242691300.0,18042.09966676308,19912.183462587844,19421.732823659844,0,2
2023-01-02,16750.5,16872.0,16818.0,16842.5,137907100.0,18289.59070414515,20195.847823164415,19687.992404700297,0,2
2023-01-03,16665.5,17050.0,16947.0,16818.0,225178400.0,18383.126680318404,20148.2379345712,19713.982601154217,0,2
2023-01-04,16908.5,16963.5,16940.0,16947.0,43963000.0,18554.962844912985,20000.18529334584,19730.627856127176,0,2
2023-01-05,16907.5,17198.5,17131.0,16940.0,102481000.0,18411.521051197837,20199.626647882505,19757.60604053235,0,2
2023-01-06,17110.0,17392.0,17167.5,17131.0,244785800.0,18437.38006408237,20429.685011063546,19885.685221200285,0,2
2023-01-07,17149.5,17485.5,17442.5,17167.5,163484100.0,18447.21585235904,20302.5909857286,19827.471168499505,0,2
2023-01-08,17305.5,18000.0,17943.0,17442.5,216653300.0,18702.534536356543,20710.88544022632,20158.668477882962,0,2
2023-01-09,17909.5,19111.5,18837.5,17943.0,576284200.0,19270.62372895065,21160.91679863585,20664.77846451099,0,2
2023-01-10,18716.0,19998.5,19920.0,18837.5,356284600.0,20027.106563695634,21889.494718950067,21408.028852834977,0,2
